id,name,email,age,birth_date
d1ec6e23-c596-4190-9622-108ed14ca088,Helen Senger,HelenSenger_Parisian42@yahoo.com,10,2012-02-21T15:29:51.224Z
e63d5e40-f142-491f-8e16-1819a8f3771f,Allison Wolff,AllisonWolff.Hammes@yahoo.com,4,2017-11-02T14:55:02.037Z
cafea646-e5b5-4b26-81dc-1e63ba3718b3,Jordan Spinka,JordanSpinka6@gmail.com,7,2015-01-04T15:23:06.035Z
678a4823-0ad2-4348-bb95-dee2e51efd08,Ramon Maggio III,RamonMaggioIII_Haley@yahoo.com,7,2014-06-15T09:09:51.605Z
0b402267-7f53-45ea-a497-b0252523f9b4,Vicki O'Keefe DDS,VickiOKeefeDDS_VonRueden@yahoo.com,4,2017-05-08T21:22:13.145Z
5b3cb4a0-0f8a-45b5-9290-8c5dd21b0271,Edmund Lebsack,EdmundLebsack41@hotmail.com,6,2015-08-20T18:03:12.001Z
b24e63c7-846f-4070-8ed1-f6a26521d603,Harry Kuhic,HarryKuhic17@hotmail.com,6,2015-08-31T09:28:21.604Z
b11f1fc5-9d1f-45a3-b623-253550e4ec74,Amber Hegmann,AmberHegmann.Robel@yahoo.com,5,2016-03-17T06:39:13.681Z
a2d5f77e-48f2-496b-ac63-a55f5f455033,Justin Stamm,JustinStamm98@gmail.com,10,2011-12-25T00:44:09.951Z
0703b9bd-7476-4911-b0d3-42bb5aa70ad4,Irma Welch,IrmaWelch_Schultz@hotmail.com,11,2010-03-24T02:17:51.975Z
cb392183-437b-4baa-979c-91c496033db8,Tasha Bahringer,TashaBahringer5@yahoo.com,3,2018-07-29T16:07:30.206Z
77e97620-b9be-421f-bc96-3c978ece11eb,Hope Nicolas II,HopeNicolasII_Johnston11@hotmail.com,6,2015-07-27T03:49:09.975Z
b0697d11-2b53-4381-b783-a8acee4a489c,Mrs. Anthony Greenfelder,Mrs.AnthonyGreenfelder.Langworth@yahoo.com,3,2018-04-27T16:00:55.077Z
cbfd41ef-d2f9-4b86-80bd-743328ca8568,Mrs. Kenneth Okuneva,Mrs.KennethOkuneva.Watsica@hotmail.com,3,2018-12-08T11:03:01.569Z
c4504a36-af33-4d6d-8830-36c268d8ea6a,Shawna Leuschke,ShawnaLeuschke.Quigley47@yahoo.com,9,2013-01-14T14:38:49.002Z
dafd6eae-7835-497f-b6f2-c812e7433cd7,Traci Jacobs,TraciJacobs25@yahoo.com,3,2019-01-05T07:55:50.818Z
afc15252-92d1-4ab1-93ca-f5c6421ad049,Opal Lubowitz,OpalLubowitz_Swaniawski77@yahoo.com,9,2012-08-19T21:26:18.519Z
9314eca6-5f05-4276-8031-668ca0da8234,Maurice Cassin,MauriceCassin_Wilkinson62@gmail.com,9,2012-09-11T23:09:59.670Z
d97c348c-b750-4861-9aff-3e9f791860e0,Mr. Jenny Powlowski,Mr.JennyPowlowski_Kub28@hotmail.com,6,2015-12-05T11:17:31.688Z
5ebd4628-c373-47b3-b6b6-805778db8592,Charles O'Connell,CharlesOConnell.Abbott22@yahoo.com,2,2019-07-14T03:22:31.108Z
81fe8ba9-e0b1-47fb-9e84-6a254e09cb21,Sarah McCullough IV,SarahMcCulloughIV.Funk2@gmail.com,6,2015-03-01T11:00:30.995Z
0d55e4f9-8d36-44e1-bacd-62554a71a75d,Estelle Ruecker,EstelleRuecker.Purdy@gmail.com,6,2015-07-20T18:08:20.722Z
5404ea06-dbcf-44c8-a496-5c95d1688440,Kent West,KentWest38@gmail.com,5,2016-02-11T16:07:09.343Z
816fb591-c545-4661-a63f-f9fd1ea005b0,Byron Abshire,ByronAbshire17@yahoo.com,6,2015-08-31T10:53:21.591Z
c67af6f3-5a62-4d72-80c5-425a1da27cc1,Lorena Huels,LorenaHuels59@yahoo.com,2,2019-11-06T13:14:50.590Z
38cdb2d8-ff1a-449c-aca7-6ea4ac6f4883,Sonia Prohaska,SoniaProhaska.Macejkovic57@gmail.com,2,2019-05-15T22:44:11.511Z
f053525a-55e4-4741-8d58-4856b4732289,Jonathon Effertz,JonathonEffertz_Veum@yahoo.com,9,2012-06-06T06:45:06.714Z
7e7d8ab9-adfa-447a-ac57-e78e6b8693cf,Mr. Erik Daniel,Mr.ErikDaniel70@hotmail.com,10,2011-03-12T15:12:28.500Z
e8ea4458-a613-4d3a-9c44-dd8b32c6e371,Shelia Mills,SheliaMills.Franecki@hotmail.com,7,2014-10-17T22:26:14.612Z
5e6eee41-5fc7-45c0-bd01-79930dcdd1fd,Malcolm Upton III,MalcolmUptonIII2@yahoo.com,11,2010-11-09T09:51:50.646Z
b4502a58-deea-4a08-9efd-a24bc939cb9e,Anthony Dickinson,AnthonyDickinson.Kiehn30@gmail.com,11,2010-09-21T21:18:05.099Z
3a4e6afd-73ab-4523-ba5e-17106b3ee135,Moses Gleichner,MosesGleichner.Leuschke99@yahoo.com,3,2018-04-19T16:13:58.378Z
47412124-0916-48d1-b4eb-7cb98be8a676,Doug Botsford,DougBotsford64@hotmail.com,6,2015-03-08T06:04:22.280Z
972b895f-3dc4-4eb2-b0cb-c59911f97140,Jacob Lynch,JacobLynch_Kertzmann@hotmail.com,7,2014-07-28T06:11:56.348Z
f00229f4-6633-4aac-964b-fbf2e69c687f,Nelson Ritchie MD,NelsonRitchieMD_Nitzsche@yahoo.com,6,2015-12-04T16:39:11.307Z
fa281e75-736c-47d1-bec6-944a24a9bf35,Eunice McLaughlin,EuniceMcLaughlin.Aufderhar13@yahoo.com,2,2019-07-28T12:32:06.398Z
40e40953-426a-4880-8e36-22967431fed6,Linda Swift,LindaSwift.Daugherty11@yahoo.com,9,2012-09-18T10:21:42.013Z
3558276a-36e8-42ba-aa77-352dbd1beebc,Kara Kassulke,KaraKassulke57@hotmail.com,9,2012-09-21T11:10:38.216Z
8ed57723-06c6-4a90-be19-99e925343806,Neil D'Amore,NeilDAmore_Breitenberg47@gmail.com,5,2016-09-13T02:46:47.684Z
a7e54cbd-bd8e-4366-b0a8-9ec83a7c7e6b,Mr. Geraldine Nader,Mr.GeraldineNader81@hotmail.com,3,2018-07-17T07:13:53.430Z
5f51a81e-f2dc-43dc-92bb-34ccab87ddac,Mr. Melody Ortiz,Mr.MelodyOrtiz76@gmail.com,8,2013-12-10T17:53:33.056Z
48d6a3f0-7fa7-40bc-ab96-ae4538fe6f5c,Ramiro Cartwright,RamiroCartwright37@hotmail.com,10,2012-02-10T07:47:18.459Z
2f017221-23da-431d-880a-37f5f0b193ab,Stephen Zemlak,StephenZemlak.Hintz@hotmail.com,9,2012-05-16T19:27:04.483Z
7b2a4294-7796-4fe0-a316-c1b70c8afcb2,Marie Padberg,MariePadberg.Raynor86@yahoo.com,3,2018-09-09T21:06:21.980Z
8f9b751c-f12e-4e53-ae1f-2a51a549ee99,Wade Roob,WadeRoob.Witting@gmail.com,6,2015-08-19T07:23:47.219Z
a2fc1dce-742c-40bd-aa89-066e78d14d9e,Stella Aufderhar,StellaAufderhar.Fisher81@hotmail.com,8,2013-11-01T23:15:22.085Z
3763baeb-db1a-4b9c-9244-b3edad4d97ef,Michele Morissette,MicheleMorissette15@hotmail.com,5,2016-12-14T01:37:16.583Z
34b82897-062f-4ba2-a0e6-f8b0e07e83ab,Terry Zieme,TerryZieme_Monahan35@gmail.com,5,2016-07-01T08:01:03.166Z
fdec39e7-7482-4605-85fb-023c82f0dd45,Clark Upton,ClarkUpton.Gusikowski14@hotmail.com,5,2016-11-30T10:35:33.600Z
6e013e2a-3352-4a7f-a15a-393351ef6953,James Streich,JamesStreich.Borer@hotmail.com,8,2013-11-14T04:38:33.130Z
a4f92221-a262-410b-b5a1-feb8c9991c67,Rachel Ernser,RachelErnser_Koepp@gmail.com,5,2016-03-01T19:00:16.913Z
59e46d49-4fbf-46e9-8290-35408f7c3247,Colin Boyer,ColinBoyer.Kshlerin37@yahoo.com,2,2019-08-03T05:21:57.328Z
896a3ad1-89c7-4fb9-9ce1-4b472c81dcd2,Stella Koelpin,StellaKoelpin_Corkery@yahoo.com,10,2011-05-16T14:40:00.581Z
7cef4977-b5f9-4d99-b2e9-cad404919b18,Carrie Stehr MD,CarrieStehrMD_Gulgowski@yahoo.com,11,2010-06-30T04:05:30.369Z
ea7527af-2b3d-40ed-9157-0f79056ab926,Dr. Joanne Leffler,Dr.JoanneLeffler.Ritchie@yahoo.com,10,2011-10-30T07:35:47.479Z
76393efa-c560-4f83-82a3-ceef3738cd49,Carlos Sporer,CarlosSporer10@gmail.com,5,2017-01-05T09:50:32.761Z
e4d230cd-dd1a-4fa3-9c85-fefa5480502b,Freda Senger,FredaSenger_Barrows@hotmail.com,11,2010-07-18T13:39:42.356Z
f7f3ef24-7c2e-43fe-a0af-002703770f26,Jackie Kozey DVM,JackieKozeyDVM_Langosh92@hotmail.com,7,2014-10-12T20:17:14.015Z
f1196fb8-563e-4136-ab1a-0c962e99630b,Roxanne Gutmann,RoxanneGutmann_Kreiger@gmail.com,3,2018-08-29T18:41:33.478Z
c24f1e6a-375e-4904-890c-1ab530c8234f,Kristine Leuschke,KristineLeuschke.Zulauf@gmail.com,8,2013-09-24T14:44:38.196Z
9866a900-17d5-443a-8b62-e3138c8f8a27,Miranda Tremblay,MirandaTremblay_Roob@yahoo.com,7,2014-05-14T12:01:00.372Z
06ae92c0-d83d-40b6-8928-fa0eef0c7657,Loren Lowe,LorenLowe_Ratke82@yahoo.com,12,2010-01-24T08:27:32.634Z
ddfde26f-299b-490a-aa30-9da2b5266b93,Cesar Dibbert,CesarDibbert.Zboncak@yahoo.com,8,2013-03-12T01:42:23.974Z
e9a204ec-1f7d-4025-b4e5-69a924cb3f05,Miss Ronald Wolff,MissRonaldWolff.Rau67@yahoo.com,11,2010-03-26T08:59:55.859Z
5f076737-ec15-48ee-92a3-3fbb5ec01037,Manuel Spencer,ManuelSpencer.Will@hotmail.com,5,2016-10-24T23:40:48.580Z
9ae7b929-93d3-4071-bbc6-2318d4d9283e,Rochelle Bahringer,RochelleBahringer_Koss@gmail.com,8,2013-10-26T21:01:15.625Z
ebbc7e3c-3b61-4487-93d2-db118c6edb16,Shelia Ledner DDS,SheliaLednerDDS.Ankunding87@hotmail.com,2,2019-07-08T13:52:23.583Z
7f75fb99-f495-4bfc-bc9f-ccd8bca1dac7,Tammy Lockman,TammyLockman_Goodwin72@yahoo.com,3,2018-02-19T04:56:20.343Z
20379b34-bdf8-46f6-96db-9924f1a8e763,Denise Wyman,DeniseWyman.Bradtke@yahoo.com,8,2013-10-10T00:31:09.880Z
2bffddf5-9307-455b-877c-d28b28aad9fc,Jeanne Schmidt,JeanneSchmidt63@gmail.com,9,2013-01-14T03:06:52.405Z
5d8eaf50-eb39-40ab-97b5-bf9886235862,Courtney Erdman,CourtneyErdman33@hotmail.com,8,2013-11-26T03:29:30.871Z
80d36190-c8ac-4426-baab-1d8d6dc4e78f,Miss Nancy Gaylord,MissNancyGaylord.Kilback15@hotmail.com,4,2017-02-28T20:11:05.341Z
6cf7d9f0-cc59-4548-a6e9-9d8dd76d123a,Mr. Jermaine Heathcote,Mr.JermaineHeathcote_Stracke98@gmail.com,4,2017-12-16T17:22:40.205Z
a9f889f9-27b1-4e35-8622-9545cbe453c2,Blake Cummings,BlakeCummings.Hamill@yahoo.com,5,2016-06-17T16:39:51.250Z
8b8412fb-10d9-4596-b6f8-94999194fdd8,Lamar Baumbach,LamarBaumbach.Dickinson1@yahoo.com,9,2012-09-02T21:39:23.348Z
434ab588-21ed-4b7e-b73b-b74bbc18b06a,Brad Mayert,BradMayert95@hotmail.com,9,2012-11-01T12:01:23.591Z
a4e6ee27-5e2e-4652-843c-efeb32899d19,Leona Yundt,LeonaYundt24@yahoo.com,9,2012-12-06T10:06:29.523Z
a77b753c-8a96-4eac-a786-6eb238db1d11,Cheryl Adams,CherylAdams_Feeney16@gmail.com,3,2018-01-31T09:59:45.975Z
4c6bd69a-db62-4844-b2da-32984ffed95c,Jimmie Kuhn,JimmieKuhn57@gmail.com,5,2016-05-22T19:40:50.119Z
5fa42549-e7d7-4270-889e-71ecf3b349ba,Sabrina Kemmer,SabrinaKemmer43@gmail.com,10,2011-12-22T23:05:50.930Z
6b38e1b6-797f-49aa-8659-be79f01ff784,Gerard Johnson,GerardJohnson_Hirthe@yahoo.com,7,2015-01-17T03:14:35.570Z
9d6b602b-7677-4012-8773-a16fdcf1610b,Emilio Upton,EmilioUpton.Von@hotmail.com,9,2012-05-23T02:18:44.574Z
3be24050-f22a-4798-bd7c-d3063970c39a,Angela Rohan,AngelaRohan8@hotmail.com,11,2011-02-18T03:39:26.202Z
d615126c-8aed-4bad-9555-f2d0fd83c96f,Sheila Legros,SheilaLegros39@yahoo.com,4,2017-12-19T19:38:15.665Z
86bb8e12-3fd6-469e-ba91-54aa22f721c3,Diane Tromp,DianeTromp.Brown60@hotmail.com,8,2013-08-22T10:12:28.319Z
e1d7b6f8-1118-4304-967e-c0e852ea3450,Charlene Lubowitz,CharleneLubowitz_Schroeder@yahoo.com,5,2016-02-12T19:40:14.453Z
5c188dbd-91d2-4ace-ae34-1cde62e97d4a,Mrs. Maureen Moore,Mrs.MaureenMoore28@gmail.com,11,2010-10-06T04:02:59.002Z
46ee15ac-6986-4fad-bc28-59f5e3c845e6,Cecelia Schaden,CeceliaSchaden72@gmail.com,11,2010-11-20T16:17:54.026Z
56536569-cbd9-4590-99d2-cf5c7b14c81a,Gregg Cormier,GreggCormier32@hotmail.com,2,2019-12-13T23:34:33.339Z
d5ec53c9-b00a-48e4-a815-02bd71811f8b,Martha Schmitt,MarthaSchmitt26@gmail.com,4,2017-03-15T14:29:31.734Z
db275b0f-957d-4e80-8315-35aaf71dd489,Beatrice Kuhlman,BeatriceKuhlman_Emard@gmail.com,10,2011-09-03T13:45:16.555Z
6b3dbb7e-4afb-4f4b-9072-8e645f6f6f4f,Johanna Koss,JohannaKoss.Pfeffer@gmail.com,5,2016-02-13T12:49:14.114Z
978c06f4-5f60-46f2-bab2-bfb7a1b43846,Casey Weimann DVM,CaseyWeimannDVM_Romaguera@gmail.com,2,2019-10-12T00:35:25.042Z
9fa38398-dd20-4ab7-b921-34c8575e6d32,Lance Kovacek,LanceKovacek.Breitenberg@hotmail.com,6,2015-08-24T15:21:39.289Z
f78a623d-34ab-4761-83fd-cbdd9cb3cda3,Ronald DuBuque II,RonaldDuBuqueII_Denesik@hotmail.com,3,2018-07-06T06:43:05.979Z
566ac55c-2c3c-4811-8d7a-e36efeb08556,Diane Price,DianePrice_OKon0@yahoo.com,2,2019-04-28T13:04:33.047Z
077e8049-e1ae-433e-a29c-ef1c1b47e2af,Elbert Zieme Jr.,ElbertZiemeJr._Pfeffer@gmail.com,7,2014-05-12T10:42:08.816Z
b5454916-c33b-4dd1-83bf-803d27409766,Katrina Koepp PhD,KatrinaKoeppPhD.Kassulke70@gmail.com,10,2011-04-17T17:15:16.790Z
e6010f01-e3c3-4fad-a97f-d75c7c557d44,Miss Connie Mitchell,MissConnieMitchell14@gmail.com,6,2015-07-11T15:04:55.151Z
28bf6e91-6311-4f9f-a116-59d5fd8ac7c2,Lloyd Greenfelder,LloydGreenfelder33@yahoo.com,10,2012-01-15T15:38:36.567Z
